source;target
phuongtrinh0809;NA
Jaysookang;NA
SmallV1_;NA
Psnhy_Amorebiti;NA
jl_manoban2328;NA
waironkwangyaa_;NA
laviewon;NA
mtvzxy__;NA
_juvelle_;NA
____lisaya;NA
farabellani;NA
vanexjisoo67;NA
king_smov;NA
mtvzxy__;NA
wuvrubyjane;NA
smilelis_m;NA
YukaKYC;NA
exosupremacykd;NA
aechii69;NA
chuuuyaaasss;NA
pinkssuperior;NA
XxCute_CraftsxX;NA
Rosie1164742024;NA
yjwluna;NA
bolita_5;NA
PLOYPROMPT;NA
Tothemoonnbaek;NA
Anastasia_1613;NA
Sxy_ysL;NA
neslycreamyyy;NA
DearTipay;NA
sccymg;NA
TrnHoiBoNhi1;NA
thelauxati;NA
beforeyuh;NA
BPIly4;NA
Pickjjngwoo_;NA
Brilliance_L8;NA
hyphypnos;NA
lililegooo;NA
Edilenn48026435;NA
JihoonVantae;NA
Nai64495471;NA
skgyjwp;NA
BlinkVotingCrew;NA
xoxovelvvett;NA
forthem021;NA
Peterpan_L4;NA
AbigailManual;NA
Aabhaysingh23;NA
pntthien;NA
Sherlyn33120979;NA
Lucy13352501;NA
oitwitteiro;NA
sentcl27;NA
jisoostunning;NA
pinkssuperior;NA
nthh8412;NA
mtvzxy__;NA
NataliaArisme14;NA
Nirada37718768;NA
thismecides;NA
Anndhei;NA
kabonmili;NA
EuphoriaKGGK14;NA
EliMartinez_133;NA
vaal_oxh;NA
sunshineenha7;NA
YuleimiPrez1;NA
Vonseukun;NA
pendulxkai;NA
jamtones237;NA
slwanurfaiza;NA
Dayana_Bo;NA
MariaFe27731743;NA
m00n_anac;NA
hewmlaik;NA
jisiu_;NA
DandyBoy_8;NA
Aleroha_026;NA
StanWithBTBP11;NA
for_bangpink;NA
StanWithBTBP11;NA
ad_xldk;NA
for_bangpink;NA
StanWithBTBP11;NA
JsooMafe;NA
Lllsmcat;NA
Jydzndvd;NA
nannoninis;NA
BLACKPI24942380;Grandelovesick2
for_bangpink;NA
StanWithBTBP11;NA
jichunads;NA
Bbttaam;NA
for_bangpink;NA
Alejarincon09;NA
rsycozy;NA
BPEK_Official;NA
StanWithBTBP11;NA
for_bangpink;NA
lisoofa;NA
Nai64495471;NA
Isbelllita;NA
blackpinkGG2567;NA
lisoofa;NA
mym8812;NA
aung_aue;NA
Toyoya10;NA
nuci_sz;NA
million_onceina;NA
bpjisoopinks;NA
Katerin30677956;NA
Nai64495471;NA
ygaent_official;NA
fourdepinks;NA
pwipewastro;NA
blinkscart;NA
Nai64495471;NA
reyn_nini88;NA
kpopblinkkpop;NA
blackpink_un;NA
llopppik;NA
rhujidn;NA
994Bren;NA
SYNNaCTz5huMx68;NA
kailover60;NA
double_i_with_s;444kenma
neajukre08;NA
_Bunnycitizen;NA
JbzBelieber99;NA
Moonrise__26;NA
lalitzuseulryu;NA
Codybyunim;NA
taotaotada;NA
taetaeriego;NA
Ninii_mochi;NA
Aubrey29906761;NA
AM_A_MULTISTAN;NA
astroBRST;NA
Kerly_daya05;NA
NinggMae2;NA
zkdlin140l;NA
nongamerocano;NA
tasteofjisoo;NA
9od27;NA
xexoforlife9;NA
rosiejy_;NA
nikilimin;NA
lalisasworld;NA
katherine_roha;NA
niclassicole;NA
krsnw33;NA
lilbeaudan;NA
vglypotato;NA
nlrpp_np;NA
_binnnnn;NA
smaragde_;NA
ptwnayaaa;NA
ZhongliMaster;NA
ncl_tzy;NA
Gabriel29836504;NA
namkukminie;NA
sdcbskcxl;NA
nkkkailash;NA
Diana8897;NA
WeMeetinParis;NA
jnrubvk;NA
iamaroha11;NA
Arlsroha;NA
lady_marybell;NA
Tama56706262;NA
chaennieshy;NA
Z17pyVFGeXfAt1w;NA
BLACKPINKpearls;NA
kon_hun4009;NA
cottoneriyah_;NA
Tet_markutet;NA
OT4BLACKPINK8;NA
Aisyah45781692;NA
GOMCCl;NA
Raiyanmugdho;NA
YuleimiPrez1;NA
M4DSHY;NA
Tho14081;NA
grrlsmnbn;NA
Nana2273946505;NA
zkdlkaikai;NA
Iisaargenta;NA
ud7Jn7dXVSNuqvL;NA
LUNA_1248;NA
howrutodaybabe;NA
Lain17086127;NA
MinsiCameraroll;NA
AdindaDivaApri1;NA
AdindaDivaApri1;NA
IJawadil;NA
jenalin20;NA
dianak2g;NA
YuleimiPrez1;NA
Mookindochen;NA
ArohaFer;NA
lilimyoui;NA
ta_gear;NA
lisoo39885597;NA
ta_gear;NA
astropinkeu;NA
Kristine_Mae39;NA
Lispuri1;NA
LalisaMJK;NA
YuleimiPrez1;NA
sooyaaaismyluv;NA
Lovelisa27397;NA
ShimaSamima;NA
iamindmymine;NA
ininmbx2;NA
teumeblink143;NA
ff__xn;NA
pit7706;NA
SuhoEXOfans;NA
wecatte;NA
Sooyaa_m_love;NA
blink_rpark;NA
teumeblink143;NA
krataizzaa;NA
Nyledoj5;NA
EraJisoo;NA
Blinkiearriz1;NA
File58241690;NA
thnnhu;NA
urthehalo;NA
thnnhu;NA
KhuongNolan;NA
itspinkyyy;NA
VioletPlum22316;NA
yxnzkdlin;NA
Sooyaa_m_love;NA
fieryjnk;NA
CassieKeigh;NA
Candy_bun1;NA
J83798878;NA
lvsveu;NA
Stephan00387640;NA
ZhinJho;NA
Joss_aRoha;NA
qaxL991;NA
chombiku;NA
chombiku;NA
mawiyangeyl;NA
girlmeeetsworId;NA
myluvvjjun;NA
qaxL991;NA
Candy_bun1;NA
LoeyZelPark;NA
tinkermilles;NA
a066aas;NA
Milcah87814169;NA
QuitonH;NA
ForeverBlink06;NA
ryandamascena;NA
AFarePS1;NA
fvck9yu;NA
wtHECK_unnie;NA
lalisacred;NA
worldwideabyssJ;NA
wtHECK_unnie;NA
choisiyoung_;NA
worldwideabyssJ;NA
fourforthemoon;NA
Seonghwas_Wifey;NA
TngVi32420457;NA
ellofna;NA
fl62IiS9RTHaCO2;NA
yazminjuli1106;NA
tinkermilles;NA
flamesjinu;NA
kkankan_18;NA
fl62IiS9RTHaCO2;NA
Seonghwas_Wifey;NA
Seonghwas_Wifey;NA
N_RYTAM;NA
nominjennie;NA
Yu6sWGgW4L38UK2;NA
faifainini;NA
ovivitest;NA
darkkim016;NA
lisoobrs;NA
Jenchulichae_4;NA
jobi_lili;NA
N_RYTAM;NA
jisooviraltw;NA
MPBNunu30;NA
TOTHELIGHT_ENT;NA
N_RYTAM;NA
Huelinh1995;NA
JIS00F4V;NA
safetyremm;NA
JIS00F4V;NA
srhhrohaa_;NA
jnkhazel;NA
kkankan_18;NA
Im_hatedbitch;NA
_rainnychu;NA
Rosieberry_;NA
hiiiroha;NA
jznnieu;NA
AppleSiriwan09;NA
ininmbx2;NA
ddpxrzx;NA
CooL_JeOngYeon;NA
Pou74864099;NA
nomusicnoman;NA
ghFatemehh;NA
pineberry9259;NA
yourpapilimario;NA
97_lalalalalisa;NA
ChrisJustinFQ;NA
songymino;NA
arthi3chakma;NA
jl2796;NA
222Mirandaz;NA
Andress74838846;NA
lablie_raymundo;NA
ohheybestie;NA
Sheina0808;NA
myunggniee;NA
dalkongzone;NA
Gitgit327;NA
els_ynta6;NA
X1BornToBeFACT;NA
martinseilapic;NA
KAIUaenagom;NA
Nu_tan9;NA
Gitgit327;NA
ManChildKaiMyUB;NA
Lalalisayoshi;NA
joanallanes22;NA
ying0432;NA
Gitgit327;NA
clarawithyema;NA
ying0432;NA
jl2796;NA
Sheina0808;NA
jyontzu;NA
lablie_raymundo;NA
Yoshisein;NA
cristal00005;NA
su_ptm;NA
gucciboikai;NA
jl2796;NA
Sheina0808;NA
real_nros;NA
5YfDQOvOgs628Ha;NA
Skin_moon28;NA
jl2796;NA
ininmbx2;NA
Sheina0808;NA
alvisdreed;NA
NanaVava3;NA
Chaengi110297;NA
vee_gkk;NA
djenbp;NA
Dula_peep69;NA
vee_gkk;NA
lisa_tz93;NA
juloeYeol;NA
JisooActress;NA
jisoo_okey;NA
bpsuperb;NA
lilyszen;NA
ASTRO_ChuChuChu;NA
Chelvery578;NA
SakataGinoji;NA
Chelvery578;NA
AlonsoJayob;NA
MIRANDA_1411;NA
zorokaii;NA
sofib_aran;NA
OTITFi75770kRMF;NA
FannRosie1;NA
GieGie64381816;NA
bpsuperb;NA
AmbikaA61387340;NA
Nxngnu43;NA
jiahoh04;NA
Juli2877153879;NA
bplegendary;NA
lysone805;NA
bplegendary;NA
danisabba16;NA
lysone805;NA
fordapinks;NA
N_RYTAM;NA
danisabba16;NA
jxrxpx_;NA
zsaidal1;NA
LalisaM0327;NA
GOMDOLsi;NA
Palabraspara3;NA
jibgallo;NA
FAlexiita;NA
Jazmin15560861;NA
Lllsmcat;NA
hawaiyouuuu;NA
PK_PeeJen;NA
stayxbp_;NA
mem4nifesting;NA
SG_guinho;NA
deavryl;NA
thepinksogbitch;NA
bts_tanny;NA
kaizcomein;NA
twicethelegend1;NA
Alluringkjs;NA
bubble_tea_04;NA
jisoo_venus;NA
SoulBlink95;NA
rmnmjvl_crrcn;NA
azhraazhn;NA
Cuteguy01701049;NA
Cxmilabp;NA
Chaengi110297;NA
Male_2_0;NA
Raphagoudard;NA
Raphagoudard;NA
stayxbp_;NA
kaavya_x;NA
eunwoofavr;NA
eununaa_2;NA
jonginsdilf;NA
dhiafirdaa_;NA
mimi__210;NA
KhuongNolan;NA
ur_lalalisa;NA
SunshineJisoo2;NA
dongmin_ci;NA
BP_Avocado;NA
icnuyhz;NA
BoiSamar;NA
SunshineJisoo2;NA
Anyy__27;NA
stayxbp_;NA
Alljs41;NA
locoxid;NA
spoiledmilkue;NA
stayxbp_;NA
OnceAcount2;NA
roses_are_jk;NA
BlackpinkFellas;NA
krapoa;NA
locoxid;NA
BPCD6;NA
evil_unicoin;NA
snatonin;NA
gela_tin30;NA
4Dark_Paradise;NA
ftmh4534;NA
13backtodec;NA
onemamam;NA
lindaamj;NA
neopinks___;NA
jisoo_aphrodite;NA
preaw_0326;NA
Lyo90209;NA
MatthewTwihard;NA
GagaBadaby222;NA
pinkssuperior;NA
thesadfangay;NA
MatthewTwihard;NA
verma0903_aditi;NA
JisooyaaLuv;NA
kpoppredictioni;NA
InYourAreaHYLT;NA
Lucifer12377648;NA
Unknowndancerrr;NA
jisooreen;NA
InYourAreaHYLT;NA
Sylvierociovil1;NA
minkyu_nim;NA
risechuu;NA
CiaraGlenda;NA
liliEyesu___;NA
binnieberrypie;NA
Porcandycat;NA
caratgene_;NA
yulovehana;NA
Black79608706;NA
Isah_mvf;NA
Sylvierociovil1;NA
skylerchaeng;NA
dorkymisanayeon;NA
StefExoPink;NA
WILLIAM66823921;NA
Bangtanbomb_927;NA
iFORTW1C3;NA
xexosupremacy;NA
File58241690;NA
Jemmilen;NA
BLACKPINK4WAYS;NA
Tomorrowby03;NA
aaammeellll;NA
BLACKPINK4WAYS;NA
lorevaldep;NA
winsoos;NA
chyngvsl_;NA
BPvk5IM79wSsZB9;NA
Indianinigoms;NA
yisoo66356937;NA
Shamella_179;NA
pagongnakoneho;NA
kkankan_18;NA
GailEnigma;NA
Kji_tbh;NA
LuLuLa__;NA
Blowjob19109684;NA
JentotheJi;NA
ceokaii;NA
mymoonlalisa;NA
GOMDOLsi;NA
BunnyChaBear;NA
takenbythepinks;NA
alonesass1900;NA
elitemnbn;NA
sweetninigom;NA
i00JS;NA
ONCE_ARMY_ONEIT;NA
LuLuLa__;NA
kjloml3;NA
RamosNads;NA
LuLuLa__;NA
g_weyo24;NA
pinksbich;NA
LuLuLa__;NA
ppiittmma;NA
BTSTXTENHYPEN23;NA
emilia_locker;NA
kaichaeng;NA
Kuoriwi7;NA
LuLuLa__;NA
gisellemymoon;NA
watermelonayeon;NA
Pinkturras;NA
kcsi27;NA
sooyaami;NA
LuLuLa__;NA
vwops_;NA
YangYuby;NA
alphabetility;NA
hyde23Dan;NA
aussiepremacy;NA
LuLuLa__;NA
Vineelavini4;NA
xleftisright;NA
ohmymykji;NA
msnloveee;NA
rubychulichaeng;NA
besslyricistRM;NA
hjenchulichaeng;NA
awesome_roan12;NA
Jaaz_Cew;NA
wealth_nft_eth;NA
ddayming;NA
tozakinayeon;NA
Sylvierociovil1;NA
baekhyunaah04;NA
pinkssuperior;NA
lightingmyfire_;NA
ninininininicy;NA
marcegpegdl;NA
ninininininicy;NA
RandomGirl_25;NA
pinkpeachws;NA
maymay39694290;NA
vantesvirgos;NA
LalisaMoneybann;NA
forLisa4ever;NA
ni_love_li;NA
chaengkatsu;NA
BBBlove23441211;NA
kimkai49;NA
eyemotion4;NA
kaismonggu_;NA
meiimeichann;NA
quynhvulovelisa;NA
sufferfor600;NA
JisooStreaming;NA
LuLuLa__;NA
rahrubyj;NA
Dayana_Blink03;NA
LuLuLa__;NA
BBBlove23441211;NA
VBLINK2K2;NA
Jaenominpinkz;NA
ChahamahSufia;NA
Killer_Kid_24;NA
JisooKim1108;NA
snowdashdrop;NA
banggarrwinss;NA
Lilies582;NA
bobohussarang;NA
KAIHOTTIES;NA
crypto_noobiee;NA
Zkdlani;NA
daekaisoo;NA
kaimaya94;NA
Cotuman_;NA
ThaoMonkje;NA
tigergg24;NA
lablie_raymundo;NA
jisoovalentine;NA
yoshinista;NA
jonaxzxz;NA
sooyaapinks;NA
lisgotkook;NA
lablie_raymundo;NA
Mahi_l_430;NA
Vineelavini4;NA
maria__h0;NA
mimi5_uwu;NA
Amuraovonn;NA
Palabraspara3;NA
castrom77939446;NA
tigergg24;NA
blackpinki5;NA
AlizaLazo;NA
YSTDYKJI;NA
manoban_jean;NA
Sportyeyes1;NA
Amuraovonn;NA
mateja_1234;NA
md88kai;NA
Eljensooeslife;NA
Amuraovonn;NA
KLMNB17;NA
castrom77939446;NA
maeikissEXO;NA
Amuraovonn;NA
Flavs_____;NA
SGawddXvvBdVPpg;NA
Lalisa27272727;NA
KimKimlarra5;NA
na_jaeminaaa;NA
fruitnini;NA
castrom77939446;NA
glowingkji;NA
TrnHoiBoNhi1;NA
twicethelegend1;NA
mateja_1234;NA
SunshineJisoo2;NA
forwhatwhatda;NA
euporiaticpinks;NA
MYSEHUNk;NA
n_f6p;NA
kokoeri__;NA
julsssspark;NA
Flavs_____;NA
Js1when;NA
star_exo_947;NA
DisneyElsa108;NA
roxy723272476;NA
holybirkin;NA
SumanMondal08;NA
uaenatofu;NA
evef473;NA
holybirkin;NA
ni_love_li;NA
AshyDSmith;NA
Kamjong882;NA
PLUt_oo;NA
ilovjenndukie;NA
JichuDubu;NA
mateja_1234;NA
jsjnrslls;NA
KristyKangg;NA
KristyKangg;NA
mateja_1234;NA
ldlcchan;NA
chaengkyot;NA
Ellviera_chu;NA
syiqinnnnnnnnn;NA
jsjnrslls;NA
j4ybee_;NA
delfierrobeau;NA
jl_manoban2328;NA
Sylvierociovil1;NA
Isabellbest;NA
ABCDEILOVEYOUU;NA
Chrisdragon123;NA
rutosbtch;NA
centvzt;NA
amnesiacblues;NA
mdnghtmdnss_ph;NA
i00JS;NA
bbhumblebee;NA
JisooyaaaTRK;NA
Teay_jiranan;NA
grinker4;NA
jkbinwoo6;NA
durrProme;NA
AnythingForBPs;NA
hijikatu1;NA
LeeJhayu;NA
i00JS;NA
Kathimz2;NA
JbzBelieber99;NA
doyoktersakiti;NA
mildred39251750;NA
mylili0997;NA
jsjnrslls;NA
HBlinkx;NA
AppleSiriwan09;NA
LeeJhayu;NA
zkdlinpeach;NA
Dimple_PC12;NA
Jichu095;NA
iamnoeeem;NA
Anwar87_9;NA
pshoon4;NA
exol1_exol;NA
LeeJhayu;NA
Songbeso;NA
lyasunflower;NA
Eirarachaky;NA
exol_hjc;NA
KaiHeen_L;NA
BlinkVotingCrew;NA
llisa_guitar;NA
jensooholy;NA
manoban_jean;NA
blomstkai;NA
Michell20350160;NA
tessallanoss;NA
DRlXlEMATTEL;NA
lakkoomchansaa_;NA
chichi__chu;NA
mynamekdrm;NA
KDOK_12;NA
Jydzndvd;NA
astroaroha928;NA
MSanga02;NA
Jydzndvd;NA
gommmmh;NA
ninimandeuki;NA
AnythingForBPs;NA
chumchumrim;NA
Blushcrush_;NA
minth081;NA
jaeyanggi;NA
Sparkles_Bin;NA
SDabsomded;NA
lilixmy;NA
Blinkerstweet;NA
zidnystar;NA
kimjunsuho1485;NA
zkdlinreel;NA
bzkdph;NA
Y42636851;NA
squidgamefilm;NA
__chxio;NA
denizak72522723;NA
clemirazzahra;NA
arohaiyAh_;NA
ZDegam;NA
Mina_Liuyu;NA
BubbulPoP_;NA
blackpnk__;NA
halokimkai;NA
blackpink_27541;NA
YtAmint;NA
jisooyyaah;NA
blinkspinkeu;NA
InMyMoon28;NA
MyungJinSan_777;NA
Rosetheticcc;NA
jinkai1988;NA
JisooRabitt;NA
elr7s;NA
Rosetheticcc;NA
valval2018;NA
mmmmmyraa;NA
Pookky_JKS;NA
byunloey0614;NA
diorskjisoo;NA
DiyaPurkait;NA
weareoneeee_EXO;NA
Pallllllll1;NA
1485_yeol;NA
Aommilovely;NA
M92050542;NA
jsjnrslls;NA
c_y1974;NA
chogiwateez;NA
ss1234567890ko;NA
rosemiyy;NA
usrkjs;NA
imnayoey;NA
Liliana19206024;NA
sepgirl__;NA
bbhwrn28;NA
dalla_tda;NA
jsjnrslls;NA
aeri_jjong;NA
lalalibae_;NA
idontcutmyhair7;NA
eyestroismystar;NA
EN33364634;NA
Rachel66894235;NA
BLINK_BOY99;NA
kokoeri__;NA
blackpink_27541;NA
BLINK_BOY99;NA
M92050542;NA
punxdopunx12;NA
boomthaes;NA
chu_gab;NA
Palabraspara3;NA
Aeriaeriboo;NA
MTTEXO;NA
MegatulR;NA
swaggirlz04;NA
HANN22285593;NA
amjichuyaaa;NA
jsjnrslls;NA
AriyapornEve;NA
BlinTeume;NA
yshddanaa;NA
suckadux;NA
mondae10th;NA
Kka1x88;NA
_realpcybbh_;NA
JORRAYA;NA
baekstunnerkai_;NA
Channi0061;NA
yuwathida_a;NA
GUCClKAl;NA
ketsara11270;NA
jendeukiie_;NA
electroblink;NA
jsjnrslls;NA
astroo_Ar0haa;NA
sgottindokin;NA
HNoah121;NA
Rhea_Alair;NA
fifionacarrot;NA
han_byeonl;NA
Karol29027971;NA
HNoah121;NA
myfbhnx;NA
chungae_lee;NA
anal0rena;NA
_M0iss_gay;NA
eunwostar;NA
ninew_002;NA
jisooreen;NA
NThayze;NA
sooyaaischichi;NA
callmepmp;NA
MAIN_RAPPERjen;NA
vu_blackpink;NA
Pxo614cysB;NA
lalilisfilm;NA
AnnJoons;NA
CuteNabong;NA
__0725wcy;NA
chrrybear_;NA
juumarn;NA
RamosNads;NA
bin_yeojachingu;NA
tiger_chaeng423;NA
kimjisoopict;NA
_baekybyun;NA
mindncp_;NA
BeerApple2;NA
whalienk52;NA
ssupit29;NA
Do_peach_exo9;NA
whiteribbonl;NA
bpen_jj;NA
kimchutqq;NA
ppwiutx;NA
feel_bitter;NA
LaliShaff;NA
bptw17;NA
_Jisoostagram;NA
berflian;NA
Jtpsnooker;NA
yl_1020;NA
Jsskppp;NA
JCLC_010203;NA
namwanmarkly_08;NA
jichufeeds;NA
e_kwaii123;NA
neverthelessimp;NA
MAIN_RAPPERjen;NA
222WAI;NA
kimjisoopict;NA
thexolvoting;NA
l_naexol;NA
evil_unicoin;NA
222WAI;NA
luckyme0327;NA
blackpink_27541;NA
ThaoMonkje;NA
PinPin473;NA
lilimanduekie;NA
r_osieeee;NA
02mjoybh;NA
twicexonce2129;NA
av_aditi;NA
Lili35395646;NA
iamtuaL;NA
VThYnNh30809640;NA
candyg0m;NA
GieGie64381816;NA
Karol29027971;NA
EXOLover_06;NA
MarieAMcG;NA
rororosiee_;NA
LetsHappyYy;NA
jl_manoban2328;NA
GieGie64381816;NA
lisaismymain;NA
a0920311156;NA
_KAIPretty_;NA
lisamommycat;NA
miciisen;NA
qu3rve;NA
browneyedhyna;NA
imgrey20;NA
create25356031;NA
lookpq;NA
blinkookljrj;NA
Arblink720;NA
jisooflight;NA
Britahny3;NA
Agpink_dream;NA
rosecysl;NA
Jace882;NA
Rheign_Nari37;NA
ONCE_ARMY_ONEIT;NA
rosielovepastaa;NA
13btsforever06;NA
hourlytwice9;NA
AKMU_content;NA
CheeraBuacham;NA
jisooflight;NA
wafaa_ritaj;NA
Lalisa327JJ;NA
bvlgrlisa;NA
euyagayaeu;NA
jonginssmileee;NA
acejisooya;NA
_JNKPRINT;NA
6066i_;NA
notUrs_C;NA
chethana_kalani;NA
Ghostrash_ofc;NA
lovyyeol;NA
trueblink_;NA
jl_manoban2328;NA
hanhxu6;NA
Harperrr95;NA
TanushriBanda;NA
LTN_JISOO9377;NA
Leechanqwe;NA
Rashed71132591;NA
loveforwonie_;NA
TanushriBanda;NA
penguin_l1485;NA
nothereanymroe;NA
mychi57;NA
hi_rismaf;NA
NatannySolzinho;NA
mincielux;NA
RLoza13;NA
mychi57;NA
zkdlinxdo_0;NA
RubyRollyy;NA
rosemysky;NA
andiyoo_;NA
TWICE46548282;NA
AhmedAlkwafi1;NA
kimco14372640;NA
vu_blackpink;NA
jenlisangina;NA
nyonganbbubbu;NA
kookiechubbyboy;NA
crfran_baba;NA
VBLINK2K2;NA
Lalisaeiou;NA
niriznii;NA
bloxdy_maryy;NA
itsonlyuptome;NA
Sylvierociovil1;NA
oncespammer;NA
zaisuwanwattana;NA
CallMeiWon;NA
Blinzzz1;NA
Edilenn48026435;NA
99shifaaa;NA
